[{"fields": {"name": "SessionAdmin", "permissions": [["change_activedebate", "statistics", "activedebate"], ["change_activeround", "statistics", "activeround"], ["add_committee", "statistics", "committee"], ["change_committee", "statistics", "committee"], ["delete_committee", "statistics", "committee"], ["add_contentpoint", "statistics", "contentpoint"], ["change_contentpoint", "statistics", "contentpoint"], ["delete_contentpoint", "statistics", "contentpoint"], ["add_point", "statistics", "point"], ["change_point", "statistics", "point"], ["delete_point", "statistics", "point"], ["change_session", "statistics", "session"], ["add_subtopic", "statistics", "subtopic"], ["change_subtopic", "statistics", "subtopic"], ["delete_subtopic", "statistics", "subtopic"], ["add_vote", "statistics", "vote"], ["change_vote", "statistics", "vote"], ["delete_vote", "statistics", "vote"]]}, "model": "auth.group", "pk": 1}, {"fields": {"name": "SessionSubmit", "permissions": [["add_contentpoint", "statistics", "contentpoint"], ["add_point", "statistics", "point"], ["add_vote", "statistics", "vote"]]}, "model": "auth.group", "pk": 2}, {"fields": {"username": "stenbom", "first_name": "", "last_name": "", "is_active": true, "is_superuser": true, "is_staff": true, "last_login": "2015-08-19T10:57:21.635Z", "groups": [], "user_permissions": [], "password": "pbkdf2_sha256$20000$5JA2GkHFSnAW$fDGTAlRrmDErh9upFQcyBOL0144Am4ITDmCNYdnoFFw=", "email": "", "date_joined": "2015-08-12T21:55:27.888Z"}, "model": "auth.user", "pk": 1}, {"fields": {"username": "name_admin", "first_name": "", "last_name": "", "is_active": true, "is_superuser": false, "is_staff": false, "last_login": null, "groups": [["SessionAdmin"]], "user_permissions": [], "password": "pbkdf2_sha256$20000$GF7SoX4DQ6o4$Aj2BYpsVtw20PFmop/jcF8rvv/N7zgB4GAWPjfbBJXg=", "email": "as@gmail.co", "date_joined": "2015-08-20T02:05:01.091Z"}, "model": "auth.user", "pk": 8}, {"fields": {"username": "name", "first_name": "", "last_name": "", "is_active": true, "is_superuser": false, "is_staff": false, "last_login": null, "groups": [["SessionSubmit"]], "user_permissions": [], "password": "pbkdf2_sha256$20000$Ywn4XEgGG3F7$LATaZWgD6GIRg1eZjM23SuOMLaEZXeHilUc9zPCADdM=", "email": "as@gmail.co", "date_joined": "2015-08-20T02:05:01.120Z"}, "model": "auth.user", "pk": 9}, {"fields": {"username": "izmir2015_admin", "first_name": "", "last_name": "", "is_active": true, "is_superuser": false, "is_staff": false, "last_login": null, "groups": [["SessionAdmin"]], "user_permissions": [], "password": "pbkdf2_sha256$20000$2y2iNYVbfcm1$i85YPwE0RAhjTLghJDaZiTo3wg2vsfY8CUoVjX2VI5E=", "email": "oliver@stenbom.eu", "date_joined": "2015-08-20T02:07:29.463Z"}, "model": "auth.user", "pk": 10}, {"fields": {"username": "izmir2015", "first_name": "", "last_name": "", "is_active": true, "is_superuser": false, "is_staff": false, "last_login": null, "groups": [["SessionSubmit"]], "user_permissions": [], "password": "pbkdf2_sha256$20000$1aPb33wPXENP$Bok423kzIjYXrAnJtaNLvdEIOG5xC8kZMJedfdC0Ao8=", "email": "oliver@stenbom.eu", "date_joined": "2015-08-20T02:07:29.496Z"}, "model": "auth.user", "pk": 11}, {"fields": {"session_country": "SE", "session_statistics": "S", "session_submission_user": ["stenbom"], "session_rounds_enabled": true, "session_color": "#fff", "session_start_date": "2015-08-05T22:00:00Z", "session_max_rounds": 3, "session_picture": "https://scontent-fra3-1.xx.fbcdn.net/hphotos-xtf1/t31.0-8/11731957_951206381587365_6112282372851929341_o.jpg", "session_voting_enabled": true, "session_email": "oliver@stenbom.eu", "session_admin_user": ["stenbom"], "session_subtopics_enabled": true, "session_name": "Hiber 2015", "session_description": "The 4th International Forum of EYP Spain", "session_end_date": "2015-08-18T22:00:00Z"}, "model": "statistics.session", "pk": 1}, {"fields": {"session_country": "FI", "session_statistics": "C", "session_submission_user": ["stenbom"], "session_rounds_enabled": true, "session_color": "#fff", "session_start_date": "2015-08-03T04:00:00Z", "session_max_rounds": 3, "session_picture": "https://scontent-ams2-1.xx.fbcdn.net/hphotos-xaf1/t31.0-8/11782492_518550584964810_3011348359706031047_o.jpg", "session_voting_enabled": true, "session_email": "oliver@stenbom.eu", "session_admin_user": ["stenbom"], "session_subtopics_enabled": true, "session_name": "Tampere 2015", "session_description": "79th International Session of the European Youth Parliament", "session_end_date": "2015-08-17T15:04:39Z"}, "model": "statistics.session", "pk": 2}, {"fields": {"session_country": "DE", "session_statistics": "SF", "session_submission_user": ["stenbom"], "session_rounds_enabled": true, "session_color": "#fff", "session_start_date": "2015-08-11T04:00:00Z", "session_max_rounds": 3, "session_picture": "https://scontent-ams2-1.xx.fbcdn.net/hphotos-xaf1/v/t1.0-9/10347175_730398893689471_5511472443307792209_n.jpg?oh=db1014cf8140968d6cf042f79b302f20&oe=5683C311", "session_voting_enabled": true, "session_email": "oliver@stenbom.eu", "session_admin_user": ["stenbom"], "session_subtopics_enabled": true, "session_name": "Leipzig 2015", "session_description": "80th International Session of the European Youth Parliament", "session_end_date": "2015-08-25T19:55:54Z"}, "model": "statistics.session", "pk": 3}, {"fields": {"session_country": "TR", "session_statistics": "SF", "session_submission_user": ["izmir2015"], "session_rounds_enabled": true, "session_color": "#00BCD4", "session_start_date": "2015-04-13T22:00:00Z", "session_max_rounds": 5, "session_picture": "https://scontent-ams2-1.xx.fbcdn.net/hphotos-xta1/t31.0-8/11169669_815309648524931_8827947396778040870_o.jpg", "session_voting_enabled": true, "session_email": "oliver@stenbom.eu", "session_admin_user": ["izmir2015_admin"], "session_subtopics_enabled": true, "session_name": "Izmir 2015", "session_description": "78th International Session of the EYP", "session_end_date": "2015-04-25T22:00:00Z"}, "model": "statistics.session", "pk": 6}, {"fields": {"session": 1, "active_debate": "AFCO"}, "model": "statistics.activedebate", "pk": 1}, {"fields": {"session": 2, "active_debate": "IMCO"}, "model": "statistics.activedebate", "pk": 2}, {"fields": {"session": 3, "active_debate": ""}, "model": "statistics.activedebate", "pk": 4}, {"fields": {"session": 6, "active_debate": ""}, "model": "statistics.activedebate", "pk": 7}, {"fields": {"active_round": 1, "session": 1}, "model": "statistics.activeround", "pk": 1}, {"fields": {"active_round": 1, "session": 2}, "model": "statistics.activeround", "pk": 2}, {"fields": {"active_round": 1, "session": 3}, "model": "statistics.activeround", "pk": 3}, {"fields": {"active_round": 1, "session": 6}, "model": "statistics.activeround", "pk": 6}, {"fields": {"committee_name": "AFCO", "session": 1, "committee_topic": "A topic!"}, "model": "statistics.committee", "pk": 1}, {"fields": {"committee_name": "AFET", "session": 1, "committee_topic": "Another."}, "model": "statistics.committee", "pk": 2}, {"fields": {"committee_name": "IMCO", "session": 2, "committee_topic": "Towards a Digital Single Market for Europe; what is the \u2018white space\u2019 of the overhaul of the EU\u2019s telecommunications rules?"}, "model": "statistics.committee", "pk": 3}, {"fields": {"committee_name": "INTA", "session": 2, "committee_topic": "Regarding the criticism of the Investor-to-State Dispute Settlement (ISDS) in the Transatlantic Trade and Investment Partnership (TTIP) negotiations, how can the EU ensure judicial legitimacy for disputes between investors and its Member States?"}, "model": "statistics.committee", "pk": 4}, {"fields": {"committee_name": "CULT", "session": 3, "committee_topic": "\u2018Tackling\u2019 corruption: In the wake of the corruption scandals of football\u2019s international governing body, FIFA, and the Commission\u2019s call to reform the institution, how should the EU work together with sports\u2019 main governing bodies and corporate sponsors to ensure that \u2018fair play\u2019 is a principle practiced both on and off the field?"}, "model": "statistics.committee", "pk": 5}, {"fields": {"committee_name": "CLIM", "session": 3, "committee_topic": "Climate of compromise: The United Nations Climate Change Conference (COP21) is to be held in Paris this year, with the aim of reaching an international agreement to effectively combat climate change. What stance should the EU take during the COP21 negotiations and what long-term binding targets should be set within the EU in order to ensure a sustainable transition to a low-carbon energy sector?"}, "model": "statistics.committee", "pk": 6}, {"fields": {"subtopic_text": "Cows", "session": 1, "committee": 1}, "model": "statistics.subtopic", "pk": 1}, {"fields": {"subtopic_text": "Horses", "session": 1, "committee": 1}, "model": "statistics.subtopic", "pk": 2}, {"fields": {"subtopic_text": "Football", "session": 3, "committee": 5}, "model": "statistics.subtopic", "pk": 3}, {"fields": {"subtopic_text": "Corruption", "session": 3, "committee": 5}, "model": "statistics.subtopic", "pk": 4}, {"fields": {"active_round": 1, "timestamp": "2015-08-12T22:11:08.112Z", "session": 1, "active_debate": "AFCO", "committee_by": 1, "point_type": "P", "subtopics": [1]}, "model": "statistics.point", "pk": 1}, {"fields": {"active_round": 1, "timestamp": "2015-08-12T22:13:07.373Z", "session": 1, "active_debate": "AFCO", "committee_by": 1, "point_type": "P", "subtopics": [1]}, "model": "statistics.point", "pk": 2}, {"fields": {"active_round": 1, "timestamp": "2015-08-12T22:16:33.425Z", "session": 1, "active_debate": "AFCO", "committee_by": 1, "point_type": "P", "subtopics": [1]}, "model": "statistics.point", "pk": 3}, {"fields": {"active_round": 1, "timestamp": "2015-08-12T22:16:38.951Z", "session": 1, "active_debate": "AFCO", "committee_by": 1, "point_type": "DR", "subtopics": [1, 2]}, "model": "statistics.point", "pk": 4}, {"fields": {"active_round": 1, "timestamp": "2015-08-19T09:22:56.646Z", "session": 3, "active_debate": "CULT", "committee_by": 5, "point_type": "P", "subtopics": [3]}, "model": "statistics.point", "pk": 5}, {"fields": {"active_round": 1, "timestamp": "2015-08-19T09:23:03.115Z", "session": 3, "active_debate": "CULT", "committee_by": 5, "point_type": "DR", "subtopics": [4]}, "model": "statistics.point", "pk": 6}, {"fields": {"active_round": 1, "timestamp": "2015-08-19T09:23:09.113Z", "session": 3, "active_debate": "CULT", "committee_by": 5, "point_type": "P", "subtopics": [3, 4]}, "model": "statistics.point", "pk": 7}, {"fields": {"active_round": 1, "timestamp": "2015-08-19T09:23:16.805Z", "session": 3, "active_debate": "CULT", "committee_by": 6, "point_type": "P", "subtopics": [4]}, "model": "statistics.point", "pk": 8}, {"fields": {"active_round": 1, "timestamp": "2015-08-19T09:23:22.279Z", "session": 3, "active_debate": "CULT", "committee_by": 6, "point_type": "DR", "subtopics": [3, 4]}, "model": "statistics.point", "pk": 9}, {"fields": {"active_round": 1, "timestamp": "2015-08-19T09:23:55.180Z", "session": 3, "active_debate": "CULT", "committee_by": 6, "point_type": "P", "subtopics": [3, 4]}, "model": "statistics.point", "pk": 10}, {"fields": {"active_round": 1, "timestamp": "2015-08-19T12:13:14.606Z", "session": 3, "active_debate": "CULT", "committee_by": 5, "point_type": "P", "subtopics": [3]}, "model": "statistics.point", "pk": 11}, {"fields": {"active_round": 1, "timestamp": "2015-08-19T12:41:18.858Z", "session": 3, "active_debate": "CULT", "committee_by": 5, "point_type": "P", "subtopics": [3]}, "model": "statistics.point", "pk": 12}, {"fields": {"active_round": 1, "timestamp": "2015-08-19T12:43:47.497Z", "session": 3, "active_debate": "CULT", "committee_by": 5, "point_type": "P", "subtopics": [3]}, "model": "statistics.point", "pk": 13}, {"fields": {"active_round": 1, "timestamp": "2015-08-19T12:44:17.773Z", "session": 3, "active_debate": "CULT", "committee_by": 5, "point_type": "DR", "subtopics": [3]}, "model": "statistics.point", "pk": 14}, {"fields": {"active_round": 1, "timestamp": "2015-08-19T12:45:00.849Z", "session": 3, "active_debate": "CULT", "committee_by": 5, "point_type": "P", "subtopics": [3]}, "model": "statistics.point", "pk": 15}, {"fields": {"active_round": 1, "timestamp": "2015-08-19T12:45:27.933Z", "session": 3, "active_debate": "CULT", "committee_by": 5, "point_type": "DR", "subtopics": [3, 4]}, "model": "statistics.point", "pk": 16}, {"fields": {"active_round": 1, "timestamp": "2015-08-19T14:49:40.025Z", "session": 3, "active_debate": "CULT", "committee_by": 6, "point_type": "DR", "subtopics": [3]}, "model": "statistics.point", "pk": 17}, {"fields": {"timestamp": "2015-08-14T12:13:18.875Z", "active_debate": "AFCO", "session": 1, "point_content": "A cool point about defending constitutional affairs.", "committee_by": 1, "point_type": "P"}, "model": "statistics.contentpoint", "pk": 1}, {"fields": {"timestamp": "2015-08-16T17:19:30.447Z", "active_debate": "AFCO", "session": 1, "point_content": "A third cool point", "committee_by": 2, "point_type": "P"}, "model": "statistics.contentpoint", "pk": 3}, {"fields": {"timestamp": "2015-08-16T18:45:47.633Z", "active_debate": "AFCO", "session": 1, "point_content": "A new one, 20:45", "committee_by": 2, "point_type": "P"}, "model": "statistics.contentpoint", "pk": 4}, {"fields": {"timestamp": "2015-08-16T18:46:28.179Z", "active_debate": "AFCO", "session": 1, "point_content": "Another new one, 20:46", "committee_by": 1, "point_type": "P"}, "model": "statistics.contentpoint", "pk": 5}, {"fields": {"timestamp": "2015-08-16T18:46:46.170Z", "active_debate": "AFCO", "session": 1, "point_content": "A third new one, 20:47", "committee_by": 1, "point_type": "P"}, "model": "statistics.contentpoint", "pk": 6}, {"fields": {"timestamp": "2015-08-16T18:47:02.630Z", "active_debate": "AFCO", "session": 1, "point_content": "Lots of new ones, 20:48", "committee_by": 2, "point_type": "P"}, "model": "statistics.contentpoint", "pk": 7}, {"fields": {"timestamp": "2015-08-18T16:13:47.980Z", "active_debate": "IMCO", "session": 2, "point_content": "A content point. 1", "committee_by": 3, "point_type": "P"}, "model": "statistics.contentpoint", "pk": 8}, {"fields": {"timestamp": "2015-08-18T16:14:00.885Z", "active_debate": "IMCO", "session": 2, "point_content": "A contentpoint 2", "committee_by": 4, "point_type": "P"}, "model": "statistics.contentpoint", "pk": 9}, {"fields": {"timestamp": "2015-08-18T17:45:04.787Z", "active_debate": "IMCO", "session": 2, "point_content": "A third contentpoint", "committee_by": 4, "point_type": "P"}, "model": "statistics.contentpoint", "pk": 10}, {"fields": {"timestamp": "2015-08-18T17:46:40.521Z", "active_debate": "IMCO", "session": 2, "point_content": "A fourth Point", "committee_by": 3, "point_type": "P"}, "model": "statistics.contentpoint", "pk": 11}, {"fields": {"timestamp": "2015-08-18T17:49:25.605Z", "active_debate": "IMCO", "session": 2, "point_content": "A 5th Point", "committee_by": 4, "point_type": "P"}, "model": "statistics.contentpoint", "pk": 12}, {"fields": {"timestamp": "2015-08-18T17:53:32.745Z", "active_debate": "IMCO", "session": 2, "point_content": "A 6th point", "committee_by": 3, "point_type": "DR"}, "model": "statistics.contentpoint", "pk": 13}, {"fields": {"timestamp": "2015-08-18T18:19:40.155Z", "active_debate": "IMCO", "session": 2, "point_content": "A 7th Point", "committee_by": 4, "point_type": "P"}, "model": "statistics.contentpoint", "pk": 14}, {"fields": {"timestamp": "2015-08-18T18:24:34.544Z", "active_debate": "IMCO", "session": 2, "point_content": "An 8th Point", "committee_by": 4, "point_type": "P"}, "model": "statistics.contentpoint", "pk": 15}, {"fields": {"timestamp": "2015-08-18T18:25:01.576Z", "active_debate": "IMCO", "session": 2, "point_content": "A 9th Point", "committee_by": 3, "point_type": "P"}, "model": "statistics.contentpoint", "pk": 16}, {"fields": {"timestamp": "2015-08-18T18:25:22.190Z", "active_debate": "IMCO", "session": 2, "point_content": "A 10th, lucky Point.", "committee_by": 3, "point_type": "DR"}, "model": "statistics.contentpoint", "pk": 17}, {"fields": {"timestamp": "2015-08-18T18:27:01.938Z", "active_debate": "IMCO", "session": 2, "point_content": "11th Point", "committee_by": 4, "point_type": "P"}, "model": "statistics.contentpoint", "pk": 18}, {"fields": {"timestamp": "2015-08-18T18:30:09.028Z", "active_debate": "IMCO", "session": 2, "point_content": "12th Point", "committee_by": 4, "point_type": "P"}, "model": "statistics.contentpoint", "pk": 19}, {"fields": {"timestamp": "2015-08-18T18:31:14.907Z", "active_debate": "IMCO", "session": 2, "point_content": "13th Point", "committee_by": 3, "point_type": "P"}, "model": "statistics.contentpoint", "pk": 20}, {"fields": {"timestamp": "2015-08-18T18:36:11.661Z", "active_debate": "IMCO", "session": 2, "point_content": "14th", "committee_by": 3, "point_type": "P"}, "model": "statistics.contentpoint", "pk": 21}, {"fields": {"timestamp": "2015-08-18T18:36:59.863Z", "active_debate": "IMCO", "session": 2, "point_content": "The 15th Content", "committee_by": 4, "point_type": "P"}, "model": "statistics.contentpoint", "pk": 22}, {"fields": {"timestamp": "2015-08-18T18:37:43.334Z", "active_debate": "IMCO", "session": 2, "point_content": "16th Content", "committee_by": 3, "point_type": "P"}, "model": "statistics.contentpoint", "pk": 23}, {"fields": {"timestamp": "2015-08-18T18:59:48.684Z", "active_debate": "IMCO", "session": 2, "point_content": "The 17th Point", "committee_by": 4, "point_type": "P"}, "model": "statistics.contentpoint", "pk": 24}, {"fields": {"timestamp": "2015-08-18T19:01:08.024Z", "active_debate": "IMCO", "session": 2, "point_content": "The 18th, Very interesting point.", "committee_by": 3, "point_type": "DR"}, "model": "statistics.contentpoint", "pk": 25}, {"fields": {"timestamp": "2015-08-18T19:12:55.889Z", "active_debate": "IMCO", "session": 2, "point_content": "Bacon ipsum dolor amet boudin meatloaf pork chop, ground round cupim biltong short loin andouille swine chuck short ribs ball tip. Bacon porchetta sausage, ground round flank strip steak hamburger alcatra tri-tip.", "committee_by": 3, "point_type": "P"}, "model": "statistics.contentpoint", "pk": 26}, {"fields": {"timestamp": "2015-08-18T22:07:16.258Z", "active_debate": "IMCO", "session": 2, "point_content": "Frankfurter jerky sausage, pork chop boudin meatball biltong picanha beef ball tip porchetta pork belly. Swine shoulder pork chop, tri-tip picanha porchetta turducken tail capicola andouille meatball shank.", "committee_by": 3, "point_type": "P"}, "model": "statistics.contentpoint", "pk": 27}, {"fields": {"timestamp": "2015-08-18T22:07:45.439Z", "active_debate": "IMCO", "session": 2, "point_content": "T-bone ham hock capicola pastrami. Pork belly pork shoulder short ribs shankle pork loin.", "committee_by": 3, "point_type": "P"}, "model": "statistics.contentpoint", "pk": 28}, {"fields": {"timestamp": "2015-08-18T22:08:16.940Z", "active_debate": "IMCO", "session": 2, "point_content": "Brisket bacon meatloaf pig kevin alcatra, sirloin pork belly cow chicken flank rump.", "committee_by": 4, "point_type": "DR"}, "model": "statistics.contentpoint", "pk": 29}, {"fields": {"timestamp": "2015-08-18T22:12:43.552Z", "active_debate": "IMCO", "session": 2, "point_content": "Meatball boudin beef chicken swine flank shoulder porchetta ham hock pork chop.", "committee_by": 3, "point_type": "P"}, "model": "statistics.contentpoint", "pk": 30}, {"fields": {"timestamp": "2015-08-18T22:12:45.216Z", "active_debate": "IMCO", "session": 2, "point_content": "Brisket bacon meatloaf pig kevin alcatra, sirloin pork belly cow chicken flank rump.", "committee_by": 4, "point_type": "DR"}, "model": "statistics.contentpoint", "pk": 31}, {"fields": {"timestamp": "2015-08-18T22:14:08.610Z", "active_debate": "IMCO", "session": 2, "point_content": "The first one", "committee_by": 4, "point_type": "P"}, "model": "statistics.contentpoint", "pk": 32}, {"fields": {"timestamp": "2015-08-18T22:14:09.822Z", "active_debate": "IMCO", "session": 2, "point_content": "The second one.", "committee_by": 4, "point_type": "P"}, "model": "statistics.contentpoint", "pk": 33}, {"fields": {"timestamp": "2015-08-18T22:16:41.960Z", "active_debate": "IMCO", "session": 2, "point_content": "Brisket bacon meatloaf pig kevin alcatra, sirloin pork belly cow chicken flank rump.", "committee_by": 3, "point_type": "P"}, "model": "statistics.contentpoint", "pk": 34}, {"fields": {"timestamp": "2015-08-18T22:31:54.606Z", "active_debate": "IMCO", "session": 2, "point_content": "Frankfurter jerky sausage, pork chop boudin meatball biltong picanha beef ball tip porchetta pork belly. Swine shoulder pork chop, tri-tip picanha porchetta turducken tail capicola andouille meatball shank.", "committee_by": 3, "point_type": "P"}, "model": "statistics.contentpoint", "pk": 35}, {"fields": {"timestamp": "2015-08-18T22:33:08.489Z", "active_debate": "IMCO", "session": 2, "point_content": "T-bone ham hock capicola pastrami. Pork belly pork shoulder short ribs shankle pork loin.", "committee_by": 3, "point_type": "P"}, "model": "statistics.contentpoint", "pk": 36}, {"fields": {"timestamp": "2015-08-18T22:33:53.174Z", "active_debate": "IMCO", "session": 2, "point_content": "Meatball boudin beef chicken swine flank shoulder porchetta ham hock pork chop.", "committee_by": 4, "point_type": "P"}, "model": "statistics.contentpoint", "pk": 37}, {"fields": {"timestamp": "2015-08-18T22:38:08.413Z", "active_debate": "IMCO", "session": 2, "point_content": "Brisket bacon meatloaf pig kevin alcatra, sirloin pork belly cow chicken flank rump.", "committee_by": 4, "point_type": "P"}, "model": "statistics.contentpoint", "pk": 38}, {"fields": {"timestamp": "2015-08-18T22:38:42.552Z", "active_debate": "IMCO", "session": 2, "point_content": "Another Point", "committee_by": 3, "point_type": "P"}, "model": "statistics.contentpoint", "pk": 39}, {"fields": {"timestamp": "2015-08-18T22:40:20.960Z", "active_debate": "IMCO", "session": 2, "point_content": "Frankfurter jerky sausage, pork chop boudin meatball biltong picanha beef ball tip porchetta pork belly. Swine shoulder pork chop, tri-tip picanha porchetta turducken tail capicola andouille meatball shank.", "committee_by": 3, "point_type": "P"}, "model": "statistics.contentpoint", "pk": 40}, {"fields": {"timestamp": "2015-08-18T22:42:10.074Z", "active_debate": "IMCO", "session": 2, "point_content": "T-bone ham hock capicola pastrami. Pork belly pork shoulder short ribs shankle pork loin.", "committee_by": 3, "point_type": "P"}, "model": "statistics.contentpoint", "pk": 41}, {"fields": {"timestamp": "2015-08-18T23:15:27.239Z", "active_debate": "CULT", "session": 3, "point_content": "A first point", "committee_by": 5, "point_type": "P"}, "model": "statistics.contentpoint", "pk": 44}, {"fields": {"timestamp": "2015-08-18T23:15:52.689Z", "active_debate": "CULT", "session": 3, "point_content": "Brisket bacon meatloaf pig kevin alcatra, sirloin pork belly cow chicken flank rump.", "committee_by": 5, "point_type": "P"}, "model": "statistics.contentpoint", "pk": 45}, {"fields": {"timestamp": "2015-08-19T10:17:35.100Z", "active_debate": "CULT", "session": 3, "point_content": "The first point in this nice form.", "committee_by": 5, "point_type": "P"}, "model": "statistics.contentpoint", "pk": 46}, {"fields": {"timestamp": "2015-08-19T10:18:55.900Z", "active_debate": "CULT", "session": 3, "point_content": "A direct response in this nice form.", "committee_by": 5, "point_type": "DR"}, "model": "statistics.contentpoint", "pk": 47}, {"fields": {"timestamp": "2015-08-19T10:19:08.744Z", "active_debate": "CULT", "session": 3, "point_content": "More Points for this nice form.", "committee_by": 5, "point_type": "P"}, "model": "statistics.contentpoint", "pk": 48}, {"fields": {"timestamp": "2015-08-19T10:19:27.520Z", "active_debate": "CULT", "session": 3, "point_content": "What about a point from another committee", "committee_by": 6, "point_type": "P"}, "model": "statistics.contentpoint", "pk": 49}, {"fields": {"timestamp": "2015-08-19T10:19:46.669Z", "active_debate": "CULT", "session": 3, "point_content": "That committee made a direct response too!", "committee_by": 6, "point_type": "DR"}, "model": "statistics.contentpoint", "pk": 50}, {"fields": {"timestamp": "2015-08-19T10:20:03.476Z", "active_debate": "CULT", "session": 3, "point_content": "\u2018Tackling\u2019 corruption: In the wake of the corruption scandals of football\u2019s international governing body, FIFA, and the Commission\u2019s call to reform the institution, how should the EU work together with sports\u2019 main governing bodies and corporate sponsors to ensure that \u2018fair play\u2019 is a principle practiced both on and off the field?", "committee_by": 6, "point_type": "P"}, "model": "statistics.contentpoint", "pk": 51}, {"fields": {"timestamp": "2015-08-19T10:20:30.488Z", "active_debate": "CULT", "session": 3, "point_content": "Climate of compromise: The United Nations Climate Change Conference (COP21) is to be held in Paris this year, with the aim of reaching an international agreement to effectively combat climate change. What stance should the EU take during the COP21 negotiations and what long-term binding targets should be set within the EU in order to ensure a sustainable transition to a low-carbon energy sector?", "committee_by": 5, "point_type": "P"}, "model": "statistics.contentpoint", "pk": 52}, {"fields": {"timestamp": "2015-08-19T10:32:06.809Z", "active_debate": "CULT", "session": 3, "point_content": "Climate of compromise: The United Nations Climate Change Conference (COP21) is to be held in Paris this year, with the aim of reaching an international agreement to effectively combat climate change. What stance should the EU take during the COP21 negotiations and what long-term binding targets should be set within the EU in order to ensure a sustainable transition to a low-carbon energy sector?", "committee_by": 5, "point_type": "P"}, "model": "statistics.contentpoint", "pk": 53}, {"fields": {"timestamp": "2015-08-19T10:32:24.190Z", "active_debate": "CULT", "session": 3, "point_content": "Shankle tenderloin chicken spare ribs shank doner beef biltong pork beef ribs. Hamburger pork chop ball tip rump andouille beef ribs ground round tail shank meatloaf pork belly picanha tri-tip. Jerky chuck meatball picanha salami shoulder.", "committee_by": 5, "point_type": "P"}, "model": "statistics.contentpoint", "pk": 54}, {"fields": {"timestamp": "2015-08-19T10:32:34.820Z", "active_debate": "CULT", "session": 3, "point_content": "Corned beef pork short ribs turkey picanha pork chop tenderloin andouille. Pastrami ribeye doner sausage, meatball chicken strip steak tri-tip hamburger kielbasa andouille kevin swine picanha drumstick. Fatback pork chop ground round shank cupim chicken porchetta, rump t-bone kielbasa turkey leberkas strip steak andouille pork loin.", "committee_by": 5, "point_type": "P"}, "model": "statistics.contentpoint", "pk": 55}, {"fields": {"timestamp": "2015-08-19T10:32:47.681Z", "active_debate": "CULT", "session": 3, "point_content": "Beef brisket alcatra bacon cupim, ball tip boudin.\r\nPorchetta boudin chicken pastrami pork belly pork shank jowl chuck. Tongue turkey pork chop landjaeger fatback boudin. Venison capicola cupim tri-tip short loin frankfurter ham chicken jerky", "committee_by": 5, "point_type": "P"}, "model": "statistics.contentpoint", "pk": 56}, {"fields": {"timestamp": "2015-08-19T10:56:15.847Z", "active_debate": "CULT", "session": 3, "point_content": "123", "committee_by": 5, "point_type": "DR"}, "model": "statistics.contentpoint", "pk": 57}, {"fields": {"timestamp": "2015-08-19T12:45:00.840Z", "active_debate": "CULT", "session": 3, "point_content": "The first Point", "committee_by": 5, "point_type": "P"}, "model": "statistics.contentpoint", "pk": 58}, {"fields": {"timestamp": "2015-08-19T12:45:27.925Z", "active_debate": "CULT", "session": 3, "point_content": "Another point. Shankle tenderloin chicken spare ribs shank doner beef biltong pork beef ribs. Hamburger pork chop ball tip rump andouille beef ribs ground round tail shank meatloaf pork belly picanha tri-tip. Jerky chuck meatball picanha salami shoulder.", "committee_by": 5, "point_type": "DR"}, "model": "statistics.contentpoint", "pk": 59}, {"fields": {"timestamp": "2015-08-19T14:49:40.015Z", "active_debate": "CULT", "session": 3, "point_content": "Corned beef pork short ribs turkey picanha pork chop tenderloin andouille. Pastrami ribeye doner sausage, meatball chicken strip steak tri-tip hamburger kielbasa andouille kevin swine picanha drumstick. Fatback pork chop ground round shank cupim chicken porchetta, rump t-bone kielbasa turkey leberkas strip steak andouille pork loin.", "committee_by": 6, "point_type": "DR"}, "model": "statistics.contentpoint", "pk": 60}, {"fields": {"absent": 1, "in_favour": 5, "timestamp": "2015-08-16T23:15:03.491Z", "abstentions": 2, "against": 6, "session": 1, "active_debate": "AFCO", "committee_by": 1}, "model": "statistics.vote", "pk": 1}, {"fields": {"absent": 1, "in_favour": 4, "timestamp": "2015-08-16T23:15:22.981Z", "abstentions": 2, "against": 3, "session": 1, "active_debate": "AFCO", "committee_by": 2}, "model": "statistics.vote", "pk": 2}, {"fields": {"absent": 1, "in_favour": 7, "timestamp": "2015-08-19T09:24:14.932Z", "abstentions": 2, "against": 5, "session": 3, "active_debate": "CULT", "committee_by": 6}, "model": "statistics.vote", "pk": 3}, {"fields": {"absent": 0, "in_favour": 6, "timestamp": "2015-08-19T09:24:37.187Z", "abstentions": 1, "against": 6, "session": 3, "active_debate": "CULT", "committee_by": 5}, "model": "statistics.vote", "pk": 4}]