[{"fields": {"name": "SessionAdmin", "permissions": [["change_activedebate", "statistics", "activedebate"], ["change_activeround", "statistics", "activeround"], ["add_committee", "statistics", "committee"], ["change_committee", "statistics", "committee"], ["delete_committee", "statistics", "committee"], ["add_contentpoint", "statistics", "contentpoint"], ["change_contentpoint", "statistics", "contentpoint"], ["delete_contentpoint", "statistics", "contentpoint"], ["add_point", "statistics", "point"], ["change_point", "statistics", "point"], ["delete_point", "statistics", "point"], ["add_session", "statistics", "session"], ["change_session", "statistics", "session"], ["add_subtopic", "statistics", "subtopic"], ["change_subtopic", "statistics", "subtopic"], ["delete_subtopic", "statistics", "subtopic"], ["add_vote", "statistics", "vote"], ["change_vote", "statistics", "vote"], ["delete_vote", "statistics", "vote"]]}, "model": "auth.group", "pk": 1}, {"fields": {"name": "SessionSubmit", "permissions": [["add_contentpoint", "statistics", "contentpoint"], ["add_point", "statistics", "point"], ["add_vote", "statistics", "vote"]]}, "model": "auth.group", "pk": 2}, {"fields": {"username": "super", "first_name": "", "last_name": "", "is_active": true, "is_superuser": true, "is_staff": true, "last_login": "2015-08-20T20:30:33.315Z", "groups": [], "user_permissions": [], "password": "pbkdf2_sha256$20000$kyi53ei8hH9n$OJegPttbCpUq52ODQQiZeogMuUdLn4hEYvMlByks5M0=", "email": "", "date_joined": "2015-08-20T20:04:49.531Z"}, "model": "auth.user", "pk": 2}, {"fields": {"username": "izmir2015_admin", "first_name": "", "last_name": "", "is_active": true, "is_superuser": false, "is_staff": false, "last_login": null, "groups": [["SessionAdmin"]], "user_permissions": [], "password": "pbkdf2_sha256$20000$PdNOjVZLC1J5$sEwOaNrwosdIAiNVdjQkBmNpfjIgG3/4j7BK4Q8BexM=", "email": "oyku@tali.com", "date_joined": "2015-08-20T20:06:24.249Z"}, "model": "auth.user", "pk": 3}, {"fields": {"username": "izmir2015", "first_name": "", "last_name": "", "is_active": true, "is_superuser": false, "is_staff": false, "last_login": null, "groups": [["SessionSubmit"]], "user_permissions": [], "password": "pbkdf2_sha256$20000$7a8soK6nTu4J$2P9Mp5pK+qFTzvkm3I4T4STxX1C2oQhZDmcuT4uKj64=", "email": "oyku@tali.com", "date_joined": "2015-08-20T20:06:24.275Z"}, "model": "auth.user", "pk": 4}, {"fields": {"username": "leipzig2015_admin", "first_name": "", "last_name": "", "is_active": true, "is_superuser": false, "is_staff": false, "last_login": null, "groups": [["SessionAdmin"]], "user_permissions": [], "password": "pbkdf2_sha256$20000$OHeGw8Qd3X4Q$FSWrSYDBDIvSgniqCvWzdP7AAGwQ0DJ/+XJyVt53ZKw=", "email": "alex@narayanin.com", "date_joined": "2015-08-20T20:14:52.642Z"}, "model": "auth.user", "pk": 5}, {"fields": {"username": "leipzig2015", "first_name": "", "last_name": "", "is_active": true, "is_superuser": false, "is_staff": false, "last_login": null, "groups": [["SessionSubmit"]], "user_permissions": [], "password": "pbkdf2_sha256$20000$SMcYGkDbpwqp$Z20oMVNm/OD3uXUF3nbA2TeEMsVGMS0TSu5tkI7+WCM=", "email": "alex@narayanin.com", "date_joined": "2015-08-20T20:14:52.676Z"}, "model": "auth.user", "pk": 6}, {"fields": {"username": "tampere2015_admin", "first_name": "", "last_name": "", "is_active": true, "is_superuser": false, "is_staff": false, "last_login": null, "groups": [["SessionAdmin"]], "user_permissions": [], "password": "pbkdf2_sha256$20000$TP9kkkXCWXdV$nzq1LM+FnLvrbj4HQauvamCQBOIm27Eyxr/XY4g+tSQ=", "email": "robert@torvelainen.com", "date_joined": "2015-08-20T20:20:05.055Z"}, "model": "auth.user", "pk": 7}, {"fields": {"username": "tampere2015", "first_name": "", "last_name": "", "is_active": true, "is_superuser": false, "is_staff": false, "last_login": null, "groups": [["SessionSubmit"]], "user_permissions": [], "password": "pbkdf2_sha256$20000$v5PnzlrG5SMd$XzA+SC7+6kXEVys9xpy3PMu9+3mnX+xVdommQf2keuk=", "email": "robert@torvelainen.com", "date_joined": "2015-08-20T20:20:05.085Z"}, "model": "auth.user", "pk": 8}, {"fields": {"username": "hiber2015_admin", "first_name": "", "last_name": "", "is_active": true, "is_superuser": false, "is_staff": false, "last_login": null, "groups": [["SessionAdmin"]], "user_permissions": [], "password": "pbkdf2_sha256$20000$PG65p9sy33ay$jWokVww09sTz/aAbcj7AYxRhnltozN0BMjsTHQoilFo=", "email": "dan@brown.com", "date_joined": "2015-08-20T20:30:09.632Z"}, "model": "auth.user", "pk": 9}, {"fields": {"username": "hiber2015", "first_name": "", "last_name": "", "is_active": true, "is_superuser": false, "is_staff": false, "last_login": null, "groups": [["SessionSubmit"]], "user_permissions": [], "password": "pbkdf2_sha256$20000$sDFCk8VUX140$iHc9hiLMgqOYv5uUrXTOTjV9tbm5Fce2wLaOsnd5HMA=", "email": "dan@brown.com", "date_joined": "2015-08-20T20:30:09.667Z"}, "model": "auth.user", "pk": 10}, {"fields": {"session_country": "TR", "session_statistics": "SF", "session_submission_user": ["izmir2015"], "session_rounds_enabled": true, "session_color": "cyan", "session_start_date": "2015-04-14T22:00:00Z", "session_is_visible": true, "session_max_rounds": 5, "session_picture": "https://scontent-ams2-1.xx.fbcdn.net/hphotos-xta1/t31.0-8/11169669_815309648524931_8827947396778040870_o.jpg", "session_voting_enabled": true, "session_email": "oyku@tali.com", "session_admin_user": ["izmir2015_admin"], "session_subtopics_enabled": true, "session_name": "Izmir 2015", "session_description": "The 78th International Session of the European Youth Parliament", "session_end_date": "2015-04-23T22:00:00Z"}, "model": "statistics.session", "pk": 1}, {"fields": {"session_country": "DE", "session_statistics": "JF", "session_submission_user": ["leipzig2015"], "session_rounds_enabled": true, "session_color": "deep-purple", "session_start_date": "2015-11-04T23:00:00Z", "session_is_visible": true, "session_max_rounds": 6, "session_picture": "https://scontent-ams2-1.xx.fbcdn.net/hphotos-xaf1/t31.0-8/10473862_730398893689471_5511472443307792209_o.jpg", "session_voting_enabled": true, "session_email": "alex@narayanin.com", "session_admin_user": ["leipzig2015_admin"], "session_subtopics_enabled": true, "session_name": "Leipzig 2015", "session_description": "80th International Session of the European Youth Parliament", "session_end_date": "2015-11-13T23:00:00Z"}, "model": "statistics.session", "pk": 2}, {"fields": {"session_country": "FI", "session_statistics": "C", "session_submission_user": ["tampere2015"], "session_rounds_enabled": true, "session_color": "deep-orange", "session_start_date": "2015-07-22T22:00:00Z", "session_is_visible": true, "session_max_rounds": 5, "session_picture": "https://scontent-ams2-1.xx.fbcdn.net/hphotos-xaf1/t31.0-8/11782492_518550584964810_3011348359706031047_o.jpg", "session_voting_enabled": false, "session_email": "robert@torvelainen.com", "session_admin_user": ["tampere2015_admin"], "session_subtopics_enabled": true, "session_name": "Tampere 2015", "session_description": "79th International Session of the European Youth Parliament", "session_end_date": "2015-07-31T22:00:00Z"}, "model": "statistics.session", "pk": 3}, {"fields": {"session_country": "ES", "session_statistics": "S", "session_submission_user": ["hiber2015"], "session_rounds_enabled": true, "session_color": "teal", "session_start_date": "2015-07-10T22:00:00Z", "session_is_visible": true, "session_max_rounds": 4, "session_picture": "https://scontent-ams2-1.xx.fbcdn.net/hphotos-xtf1/t31.0-8/11731957_951206381587365_6112282372851929341_o.jpg", "session_voting_enabled": true, "session_email": "dan@brown.com", "session_admin_user": ["hiber2015_admin"], "session_subtopics_enabled": true, "session_name": "Hiber 2015", "session_description": "4th International Forum of EYP Spain", "session_end_date": "2015-07-17T22:00:00Z"}, "model": "statistics.session", "pk": 4}, {"fields": {"session": 1, "active_debate": "CLIM"}, "model": "statistics.activedebate", "pk": 1}, {"fields": {"session": 2, "active_debate": "AFCO"}, "model": "statistics.activedebate", "pk": 2}, {"fields": {"session": 3, "active_debate": "DEVE"}, "model": "statistics.activedebate", "pk": 3}, {"fields": {"session": 4, "active_debate": "CULT"}, "model": "statistics.activedebate", "pk": 4}, {"fields": {"active_round": 2, "session": 1}, "model": "statistics.activeround", "pk": 1}, {"fields": {"active_round": 3, "session": 2}, "model": "statistics.activeround", "pk": 2}, {"fields": {"active_round": 1, "session": 3}, "model": "statistics.activeround", "pk": 3}, {"fields": {"active_round": 3, "session": 4}, "model": "statistics.activeround", "pk": 4}, {"fields": {"committee_name": "JURI", "session": 1, "committee_topic": "Voting post-Schengen: The ratification of the Schengen Agreement has created a generation of denizens in the EU, many of whom are unable to vote in either their host country or native country\u2019s national elections as a result of un-harmonised national legislation. In light of continuing European integration, how should the EU ensure democratic rights of denizens at a national level?"}, "model": "statistics.committee", "pk": 1}, {"fields": {"committee_name": "CULT", "session": 1, "committee_topic": "\u2018Tackling\u2019 corruption: In the wake of the corruption scandals of football\u2019s international governing body, FIFA, and the Commission\u2019s call to reform the institution, how should the EU work together with sports\u2019 main governing bodies and corporate sponsors to ensure that \u2018fair play\u2019 is a principle practiced both on and off the field?"}, "model": "statistics.committee", "pk": 2}, {"fields": {"committee_name": "CLIM", "session": 1, "committee_topic": "Climate of compromise: The United Nations Climate Change Conference (COP21) is to be held in Paris this year, with the aim of reaching an international agreement to effectively combat climate change. What stance should the EU take during the COP21 negotiations and what long-term binding targets should be set within the EU in order to ensure a sustainable transition to a low-carbon energy sector?"}, "model": "statistics.committee", "pk": 3}, {"fields": {"committee_name": "AFCO", "session": 2, "committee_topic": "An existential crisis: In light of the 2017 EU referendum in the United Kingdom and pressure from the UK\u2019s corporate sector to renegotiate with other Member States, how should the EU deal with the increased call for a \u2018Europe a la carte\u2019 and referenda that are potentially harmful to its own existence, whilst maintaining its democratic principles?"}, "model": "statistics.committee", "pk": 4}, {"fields": {"committee_name": "TRAN", "session": 2, "committee_topic": "No man\u2019s land: Technologies with the potential to revolutionise transport, such as driverless cars and drone deliveries, will soon be ready to enter the commercial market. Balancing both the risks of introducing these technologies too early with their possible economic benefits, how should the EU position itself when legislating the introduction of these innovations?"}, "model": "statistics.committee", "pk": 5}, {"fields": {"committee_name": "INTA", "session": 2, "committee_topic": "Emerging economies: The EU\u2019s joint free trade deal with multiple African countries has received both criticism and acclaim. How should the EU benefit from mutual trade and political cooperation whilst ensuring the development of human rights and enhancing environmental protection in the region?"}, "model": "statistics.committee", "pk": 6}, {"fields": {"committee_name": "TRAN", "session": 3, "committee_topic": "With the traffic levels likely to double by 2020 and European Air Traffic Management costing significantly more than similar systems around the world, how can the EU build on the two existing Single European Sky Packages in order to accommodate increasing traffic flows and to ensure safety, sustainability and cost-efficiency in air traffic?"}, "model": "statistics.committee", "pk": 7}, {"fields": {"committee_name": "DEVE", "session": 3, "committee_topic": "Powering global prosperity: With the Millennium Development Goals expiring in 2015 and the Sustainable Development Goals (SDGs) set to be negotiated as their follow-up, what should the EU\u2019s priorities be in setting these targets and what steps should the EU take to adequately achieve them?"}, "model": "statistics.committee", "pk": 8}, {"fields": {"committee_name": "ENVI", "session": 3, "committee_topic": "From trash to treasure: Recycling and waste-to-energy programmes are instrumental in the fight to divert waste from landfills and reduce greenhouse gas emissions. How should the EU incentivise the wider adoption of such programmes towards more sustainable waste management and its use for energy production?"}, "model": "statistics.committee", "pk": 9}, {"fields": {"committee_name": "LIBE", "session": 4, "committee_topic": "Game of homes: Across Europe 11 million homes lie vacant and yet 4.1 million people are deemed homeless. Dubbed \u2018Europe\u2019s greatest scandal\u2019, how should the EU tackle this housing crisis and should steps be taken towards establishing a common housing policy?"}, "model": "statistics.committee", "pk": 10}, {"fields": {"committee_name": "CULT", "session": 4, "committee_topic": "\u2018Tackling\u2019 corruption: In the wake of the corruption scandals of football\u2019s international governing body, FIFA, and the Commission\u2019s call to reform the institution, how should the EU work together with sports\u2019 main governing bodies and corporate sponsors to ensure that \u2018fair play\u2019 is a principle practiced both on and off the field?"}, "model": "statistics.committee", "pk": 11}, {"fields": {"committee_name": "JURI", "session": 4, "committee_topic": "Voting post-Schengen: The ratification of the Schengen Agreement has created a generation of denizens in the EU, many of whom are unable to vote in either their host country or native country\u2019s national elections as a result of un-harmonised national legislation. In light of continuing European integration, how should the EU ensure democratic rights of denizens at a national level?"}, "model": "statistics.committee", "pk": 12}, {"fields": {"subtopic_text": "Schengen", "session": 1, "committee": 1}, "model": "statistics.subtopic", "pk": 1}, {"fields": {"subtopic_text": "EU Voting", "session": 1, "committee": 1}, "model": "statistics.subtopic", "pk": 2}, {"fields": {"subtopic_text": "FIFA", "session": 1, "committee": 2}, "model": "statistics.subtopic", "pk": 3}, {"fields": {"subtopic_text": "Corruption", "session": 1, "committee": 2}, "model": "statistics.subtopic", "pk": 4}, {"fields": {"subtopic_text": "Climate", "session": 1, "committee": 3}, "model": "statistics.subtopic", "pk": 5}, {"fields": {"subtopic_text": "COP 21", "session": 1, "committee": 3}, "model": "statistics.subtopic", "pk": 6}, {"fields": {"subtopic_text": "UK Referendum", "session": 2, "committee": 4}, "model": "statistics.subtopic", "pk": 7}, {"fields": {"subtopic_text": "Europe a la Carte", "session": 2, "committee": 4}, "model": "statistics.subtopic", "pk": 8}, {"fields": {"subtopic_text": "Driverless Cars", "session": 2, "committee": 5}, "model": "statistics.subtopic", "pk": 9}, {"fields": {"subtopic_text": "Drones", "session": 2, "committee": 5}, "model": "statistics.subtopic", "pk": 10}, {"fields": {"subtopic_text": "Human Rights", "session": 2, "committee": 6}, "model": "statistics.subtopic", "pk": 11}, {"fields": {"subtopic_text": "Protecting the Region", "session": 2, "committee": 6}, "model": "statistics.subtopic", "pk": 12}, {"fields": {"subtopic_text": "SES 2+", "session": 3, "committee": 7}, "model": "statistics.subtopic", "pk": 13}, {"fields": {"subtopic_text": "ATMs", "session": 3, "committee": 7}, "model": "statistics.subtopic", "pk": 14}, {"fields": {"subtopic_text": "SDGs", "session": 3, "committee": 8}, "model": "statistics.subtopic", "pk": 15}, {"fields": {"subtopic_text": "MDGs", "session": 3, "committee": 8}, "model": "statistics.subtopic", "pk": 16}, {"fields": {"subtopic_text": "waste-to-energy", "session": 3, "committee": 9}, "model": "statistics.subtopic", "pk": 17}, {"fields": {"subtopic_text": "Landfills", "session": 3, "committee": 9}, "model": "statistics.subtopic", "pk": 18}, {"fields": {"subtopic_text": "Common Housing", "session": 4, "committee": 10}, "model": "statistics.subtopic", "pk": 19}, {"fields": {"subtopic_text": "Vacant Houses", "session": 4, "committee": 10}, "model": "statistics.subtopic", "pk": 20}, {"fields": {"subtopic_text": "FIFA", "session": 4, "committee": 11}, "model": "statistics.subtopic", "pk": 21}, {"fields": {"subtopic_text": "Corruption", "session": 4, "committee": 11}, "model": "statistics.subtopic", "pk": 22}, {"fields": {"subtopic_text": "Schengen", "session": 4, "committee": 12}, "model": "statistics.subtopic", "pk": 23}, {"fields": {"subtopic_text": "Denizens", "session": 4, "committee": 12}, "model": "statistics.subtopic", "pk": 24}, {"fields": {"active_round": 1, "timestamp": "2015-08-20T21:05:37.020Z", "session": 1, "active_debate": "CLIM", "committee_by": 3, "point_type": "P", "subtopics": [5]}, "model": "statistics.point", "pk": 1}, {"fields": {"active_round": 1, "timestamp": "2015-08-20T21:05:37.581Z", "session": 1, "active_debate": "CLIM", "committee_by": 1, "point_type": "P", "subtopics": [5]}, "model": "statistics.point", "pk": 2}, {"fields": {"active_round": 1, "timestamp": "2015-08-20T21:05:37.594Z", "session": 1, "active_debate": "CLIM", "committee_by": 2, "point_type": "P", "subtopics": [5]}, "model": "statistics.point", "pk": 3}, {"fields": {"active_round": 1, "timestamp": "2015-08-20T21:06:37.820Z", "session": 1, "active_debate": "CLIM", "committee_by": 2, "point_type": "P", "subtopics": [6]}, "model": "statistics.point", "pk": 4}, {"fields": {"active_round": 1, "timestamp": "2015-08-20T21:06:38.075Z", "session": 1, "active_debate": "CLIM", "committee_by": 3, "point_type": "P", "subtopics": []}, "model": "statistics.point", "pk": 5}, {"fields": {"active_round": 1, "timestamp": "2015-08-20T21:06:38.076Z", "session": 1, "active_debate": "CLIM", "committee_by": 1, "point_type": "P", "subtopics": [6]}, "model": "statistics.point", "pk": 6}, {"fields": {"active_round": 1, "timestamp": "2015-08-20T21:06:59.061Z", "session": 1, "active_debate": "CLIM", "committee_by": 1, "point_type": "DR", "subtopics": [6]}, "model": "statistics.point", "pk": 7}, {"fields": {"active_round": 1, "timestamp": "2015-08-20T21:06:59.361Z", "session": 1, "active_debate": "CLIM", "committee_by": 2, "point_type": "DR", "subtopics": [6]}, "model": "statistics.point", "pk": 8}, {"fields": {"active_round": 1, "timestamp": "2015-08-20T21:07:58.196Z", "session": 1, "active_debate": "CLIM", "committee_by": 3, "point_type": "P", "subtopics": [5]}, "model": "statistics.point", "pk": 9}, {"fields": {"active_round": 1, "timestamp": "2015-08-20T21:08:39.042Z", "session": 1, "active_debate": "CLIM", "committee_by": 2, "point_type": "P", "subtopics": [5]}, "model": "statistics.point", "pk": 10}, {"fields": {"active_round": 2, "timestamp": "2015-08-20T21:09:02.814Z", "session": 1, "active_debate": "CLIM", "committee_by": 1, "point_type": "P", "subtopics": [6]}, "model": "statistics.point", "pk": 11}, {"fields": {"active_round": 2, "timestamp": "2015-08-20T21:09:13.805Z", "session": 1, "active_debate": "CLIM", "committee_by": 3, "point_type": "DR", "subtopics": [5]}, "model": "statistics.point", "pk": 12}, {"fields": {"active_round": 1, "timestamp": "2015-08-20T21:21:46.913Z", "session": 4, "active_debate": "CULT", "committee_by": 11, "point_type": "P", "subtopics": [21]}, "model": "statistics.point", "pk": 13}, {"fields": {"active_round": 1, "timestamp": "2015-08-20T21:21:50.289Z", "session": 4, "active_debate": "CULT", "committee_by": 12, "point_type": "P", "subtopics": [22]}, "model": "statistics.point", "pk": 14}, {"fields": {"active_round": 1, "timestamp": "2015-08-20T21:21:53.441Z", "session": 4, "active_debate": "CULT", "committee_by": 10, "point_type": "P", "subtopics": [21]}, "model": "statistics.point", "pk": 15}, {"fields": {"active_round": 2, "timestamp": "2015-08-20T21:22:07.439Z", "session": 4, "active_debate": "CULT", "committee_by": 11, "point_type": "DR", "subtopics": [22]}, "model": "statistics.point", "pk": 16}, {"fields": {"active_round": 2, "timestamp": "2015-08-20T21:22:13.091Z", "session": 4, "active_debate": "CULT", "committee_by": 12, "point_type": "P", "subtopics": [21]}, "model": "statistics.point", "pk": 17}, {"fields": {"active_round": 2, "timestamp": "2015-08-20T21:22:19.824Z", "session": 4, "active_debate": "CULT", "committee_by": 10, "point_type": "P", "subtopics": [22]}, "model": "statistics.point", "pk": 18}, {"fields": {"active_round": 3, "timestamp": "2015-08-20T21:22:32.778Z", "session": 4, "active_debate": "CULT", "committee_by": 11, "point_type": "P", "subtopics": [21, 22]}, "model": "statistics.point", "pk": 19}, {"fields": {"active_round": 3, "timestamp": "2015-08-20T21:22:44.696Z", "session": 4, "active_debate": "CULT", "committee_by": 12, "point_type": "DR", "subtopics": [21]}, "model": "statistics.point", "pk": 20}, {"fields": {"active_round": 1, "timestamp": "2015-08-20T22:04:10.778Z", "session": 2, "active_debate": "AFCO", "committee_by": 4, "point_type": "P", "subtopics": [7]}, "model": "statistics.point", "pk": 21}, {"fields": {"active_round": 1, "timestamp": "2015-08-20T22:06:47.494Z", "session": 2, "active_debate": "AFCO", "committee_by": 5, "point_type": "P", "subtopics": [7]}, "model": "statistics.point", "pk": 24}, {"fields": {"active_round": 1, "timestamp": "2015-08-20T22:07:25.601Z", "session": 2, "active_debate": "AFCO", "committee_by": 6, "point_type": "P", "subtopics": [8]}, "model": "statistics.point", "pk": 25}, {"fields": {"active_round": 2, "timestamp": "2015-08-20T22:08:59.835Z", "session": 2, "active_debate": "AFCO", "committee_by": 4, "point_type": "P", "subtopics": [8]}, "model": "statistics.point", "pk": 26}, {"fields": {"active_round": 2, "timestamp": "2015-08-20T22:08:54.755Z", "session": 2, "active_debate": "AFCO", "committee_by": 5, "point_type": "DR", "subtopics": [8]}, "model": "statistics.point", "pk": 27}, {"fields": {"active_round": 3, "timestamp": "2015-08-20T22:10:13.160Z", "session": 2, "active_debate": "AFCO", "committee_by": 6, "point_type": "P", "subtopics": [8]}, "model": "statistics.point", "pk": 28}, {"fields": {"timestamp": "2015-08-20T21:15:31.488Z", "active_debate": "CLIM", "session": 1, "point_content": "We care about the climate!", "committee_by": 3, "point_type": "P"}, "model": "statistics.contentpoint", "pk": 1}, {"fields": {"timestamp": "2015-08-20T21:15:48.810Z", "active_debate": "CLIM", "session": 1, "point_content": "Global Warming is very bad.", "committee_by": 2, "point_type": "P"}, "model": "statistics.contentpoint", "pk": 2}, {"fields": {"timestamp": "2015-08-20T21:16:02.672Z", "active_debate": "CLIM", "session": 1, "point_content": "But I like heat?", "committee_by": 1, "point_type": "DR"}, "model": "statistics.contentpoint", "pk": 3}, {"fields": {"timestamp": "2015-08-20T21:16:24.963Z", "active_debate": "CLIM", "session": 1, "point_content": "But the heat will fk u up", "committee_by": 3, "point_type": "DR"}, "model": "statistics.contentpoint", "pk": 4}, {"fields": {"timestamp": "2015-08-20T21:16:57.434Z", "active_debate": "CLIM", "session": 1, "point_content": "Anyway, you're all losers", "committee_by": 3, "point_type": "P"}, "model": "statistics.contentpoint", "pk": 5}, {"fields": {"timestamp": "2015-08-20T21:18:17.191Z", "active_debate": "CLIM", "session": 1, "point_content": "Nah, I don't think so.", "committee_by": 2, "point_type": "P"}, "model": "statistics.contentpoint", "pk": 6}, {"fields": {"timestamp": "2015-08-20T21:18:36.757Z", "active_debate": "CLIM", "session": 1, "point_content": "What happened to the academic EYP?", "committee_by": 1, "point_type": "P"}, "model": "statistics.contentpoint", "pk": 7}, {"fields": {"timestamp": "2015-08-20T21:19:07.495Z", "active_debate": "CLIM", "session": 1, "point_content": "I think we lost it when GA started being played by the likes of the creators of GA Statistics.", "committee_by": 3, "point_type": "P"}, "model": "statistics.contentpoint", "pk": 8}, {"fields": {"timestamp": "2015-08-20T21:27:36.405Z", "active_debate": "DEVE", "session": 3, "point_content": "Once upon a time there was a little millenium development goal", "committee_by": 8, "point_type": "P"}, "model": "statistics.contentpoint", "pk": 9}, {"fields": {"timestamp": "2015-08-20T21:28:22.847Z", "active_debate": "DEVE", "session": 3, "point_content": "The millennium development goal thought that he was big and strong", "committee_by": 9, "point_type": "P"}, "model": "statistics.contentpoint", "pk": 10}, {"fields": {"timestamp": "2015-08-20T21:28:35.497Z", "active_debate": "DEVE", "session": 3, "point_content": "Everyone thought he would change the world", "committee_by": 7, "point_type": "P"}, "model": "statistics.contentpoint", "pk": 11}, {"fields": {"timestamp": "2015-08-20T21:29:53.548Z", "active_debate": "DEVE", "session": 3, "point_content": "But then, people realised that they he was really hard to acheive", "committee_by": 8, "point_type": "DR"}, "model": "statistics.contentpoint", "pk": 12}, {"fields": {"timestamp": "2015-08-20T21:30:12.130Z", "active_debate": "DEVE", "session": 3, "point_content": "Still, they persisted", "committee_by": 7, "point_type": "P"}, "model": "statistics.contentpoint", "pk": 13}, {"fields": {"timestamp": "2015-08-20T21:30:33.643Z", "active_debate": "DEVE", "session": 3, "point_content": "And after a long an tough battle", "committee_by": 9, "point_type": "P"}, "model": "statistics.contentpoint", "pk": 14}, {"fields": {"timestamp": "2015-08-20T21:30:47.129Z", "active_debate": "DEVE", "session": 3, "point_content": "Against all odds", "committee_by": 8, "point_type": "P"}, "model": "statistics.contentpoint", "pk": 15}, {"fields": {"timestamp": "2015-08-20T21:31:20.521Z", "active_debate": "DEVE", "session": 3, "point_content": "They partially managed to succeed", "committee_by": 9, "point_type": "DR"}, "model": "statistics.contentpoint", "pk": 16}, {"fields": {"timestamp": "2015-08-20T21:31:43.212Z", "active_debate": "DEVE", "session": 3, "point_content": "But it was only then they realised", "committee_by": 7, "point_type": "P"}, "model": "statistics.contentpoint", "pk": 17}, {"fields": {"timestamp": "2015-08-20T21:31:56.866Z", "active_debate": "DEVE", "session": 3, "point_content": "That the battle was far from over", "committee_by": 9, "point_type": "P"}, "model": "statistics.contentpoint", "pk": 18}, {"fields": {"timestamp": "2015-08-20T21:32:41.233Z", "active_debate": "DEVE", "session": 3, "point_content": "And the little millennium development goal would need quite a lot of backup before the job was done", "committee_by": 8, "point_type": "P"}, "model": "statistics.contentpoint", "pk": 19}, {"fields": {"timestamp": "2015-08-20T21:33:04.813Z", "active_debate": "DEVE", "session": 3, "point_content": "So they introduced the Sustainable Development Goal", "committee_by": 9, "point_type": "P"}, "model": "statistics.contentpoint", "pk": 20}, {"fields": {"timestamp": "2015-08-20T21:33:27.153Z", "active_debate": "DEVE", "session": 3, "point_content": "Who was the millennium development goals bigger brother", "committee_by": 7, "point_type": "P"}, "model": "statistics.contentpoint", "pk": 21}, {"fields": {"timestamp": "2015-08-20T21:34:29.681Z", "active_debate": "DEVE", "session": 3, "point_content": "To join the fight", "committee_by": 8, "point_type": "P"}, "model": "statistics.contentpoint", "pk": 22}, {"fields": {"timestamp": "2015-08-20T21:35:04.061Z", "active_debate": "DEVE", "session": 3, "point_content": "Now, we'll see who the true victor is.", "committee_by": 9, "point_type": "DR"}, "model": "statistics.contentpoint", "pk": 23}, {"fields": {"timestamp": "2015-08-20T22:04:10.728Z", "active_debate": "AFCO", "session": 2, "point_content": "If the UK wants to leave they should just do it.", "committee_by": 4, "point_type": "P"}, "model": "statistics.contentpoint", "pk": 24}, {"fields": {"timestamp": "2015-08-20T22:06:47.488Z", "active_debate": "AFCO", "session": 2, "point_content": "Yeah, I mean all the commotion is just getting in the way of people.", "committee_by": 5, "point_type": "P"}, "model": "statistics.contentpoint", "pk": 27}, {"fields": {"timestamp": "2015-08-20T22:07:25.591Z", "active_debate": "AFCO", "session": 2, "point_content": "They can't just decide what and when they want things from the EU, they need to be a part of it properly.", "committee_by": 6, "point_type": "P"}, "model": "statistics.contentpoint", "pk": 28}, {"fields": {"timestamp": "2015-08-20T22:07:56.845Z", "active_debate": "AFCO", "session": 2, "point_content": "Sometimes I think we should be able to pick and choose though..", "committee_by": 4, "point_type": "P"}, "model": "statistics.contentpoint", "pk": 29}, {"fields": {"timestamp": "2015-08-20T22:08:24.142Z", "active_debate": "AFCO", "session": 2, "point_content": "But what about a common Europe? We're not effective without it.", "committee_by": 5, "point_type": "DR"}, "model": "statistics.contentpoint", "pk": 30}, {"fields": {"timestamp": "2015-08-20T22:10:01.033Z", "active_debate": "AFCO", "session": 2, "point_content": "This is never going to work if we can't decide on a single direction, otherwise we'll be torn between the two, and there's no point in 2 EU's.", "committee_by": 6, "point_type": "P"}, "model": "statistics.contentpoint", "pk": 31}, {"fields": {"absent": 0, "in_favour": 6, "timestamp": "2015-08-20T21:10:38.368Z", "abstentions": 1, "against": 4, "session": 1, "active_debate": "CLIM", "committee_by": 3}, "model": "statistics.vote", "pk": 1}, {"fields": {"absent": 0, "in_favour": 2, "timestamp": "2015-08-20T21:10:53.471Z", "abstentions": 0, "against": 6, "session": 1, "active_debate": "CLIM", "committee_by": 2}, "model": "statistics.vote", "pk": 2}, {"fields": {"absent": 1, "in_favour": 6, "timestamp": "2015-08-20T21:11:21.369Z", "abstentions": 1, "against": 4, "session": 1, "active_debate": "CLIM", "committee_by": 1}, "model": "statistics.vote", "pk": 3}, {"fields": {"absent": 1, "in_favour": 8, "timestamp": "2015-08-20T21:23:14.130Z", "abstentions": 1, "against": 0, "session": 4, "active_debate": "CULT", "committee_by": 11}, "model": "statistics.vote", "pk": 4}, {"fields": {"absent": 2, "in_favour": 4, "timestamp": "2015-08-20T21:23:28.003Z", "abstentions": 0, "against": 6, "session": 4, "active_debate": "CULT", "committee_by": 12}, "model": "statistics.vote", "pk": 5}, {"fields": {"absent": 0, "in_favour": 4, "timestamp": "2015-08-20T21:24:23.880Z", "abstentions": 2, "against": 6, "session": 4, "active_debate": "CULT", "committee_by": 10}, "model": "statistics.vote", "pk": 6}, {"fields": {"absent": 1, "in_favour": 6, "timestamp": "2015-08-20T22:11:15.428Z", "abstentions": 0, "against": 0, "session": 2, "active_debate": "AFCO", "committee_by": 4}, "model": "statistics.vote", "pk": 7}, {"fields": {"absent": 1, "in_favour": 2, "timestamp": "2015-08-20T22:11:22.876Z", "abstentions": 1, "against": 5, "session": 2, "active_debate": "AFCO", "committee_by": 6}, "model": "statistics.vote", "pk": 8}, {"fields": {"absent": 0, "in_favour": 3, "timestamp": "2015-08-20T22:11:38.553Z", "abstentions": 0, "against": 8, "session": 2, "active_debate": "AFCO", "committee_by": 5}, "model": "statistics.vote", "pk": 9}]